Year,Host,Stage,Home Team,Away Team,Home Score,Away Score,Winning Team,Losing Team
1930,Uruguay,Group Stage,France,Mexico,4,1,France,Mexico
1930,Uruguay,Group Stage,Belgium,United States,0,3,United States,Belgium
1930,Uruguay,Group Stage,Brazil,Yugoslavia,1,2,Yugoslavia,Brazil
1930,Uruguay,Group Stage,Peru,Romania,1,3,Romania,Peru
1930,Uruguay,Group Stage,Argentina,France,1,0,Argentina,France
1930,Uruguay,Group Stage,Chile,Mexico,3,0,Chile,Mexico
1930,Uruguay,Group Stage,Bolivia,Yugoslavia,0,4,Yugoslavia,Bolivia
1930,Uruguay,Group Stage,Paraguay,United States,0,3,United States,Paraguay
1930,Uruguay,Group Stage,Uruguay,Peru,1,0,Uruguay,Peru
1930,Uruguay,Group Stage,Argentina,Mexico,6,3,Argentina,Mexico
1930,Uruguay,Group Stage,Chile,France,1,0,Chile,France
1930,Uruguay,Group Stage,Belgium,Paraguay,0,1,Paraguay,Belgium
1930,Uruguay,Group Stage,Bolivia,Brazil,0,4,Brazil,Bolivia
1930,Uruguay,Group Stage,Uruguay,Romania,4,0,Uruguay,Romania
1930,Uruguay,Group Stage,Argentina,Chile,3,1,Argentina,Chile
1930,Uruguay,Semifinals,Argentina,United States,6,1,Argentina,United States
1930,Uruguay,Semifinals,Uruguay,Yugoslavia,6,1,Uruguay,Yugoslavia
1930,Uruguay,Final,Uruguay,Argentina,4,2,Uruguay,Argentina
1934,Italy,Round of 16,Argentina,Sweden,2,3,Sweden,Argentina
1934,Italy,Round of 16,Austria,France,3,2,Austria,France
1934,Italy,Round of 16,Belgium,Germany,2,5,Germany,Belgium
1934,Italy,Round of 16,Brazil,Spain,1,3,Spain,Brazil
1934,Italy,Round of 16,Czechoslovakia,Romania,2,1,Czechoslovakia,Romania
1934,Italy,Round of 16,Egypt,Hungary,2,4,Hungary,Egypt
1934,Italy,Round of 16,Italy,United States,7,1,Italy,United States
1934,Italy,Round of 16,Netherlands,Switzerland,2,3,Switzerland,Netherlands
1934,Italy,Quarterfinals,Austria,Hungary,2,1,Austria,Hungary
1934,Italy,Quarterfinals,Czechoslovakia,Switzerland,3,2,Czechoslovakia,Switzerland
1934,Italy,Quarterfinals,Germany,Sweden,2,1,Germany,Sweden
1934,Italy,Quarterfinals,Italy,Spain,1,1,Draw,Draw
1934,Italy,Quarterfinals,Italy,Spain,1,0,Italy,Spain
1934,Italy,Semifinals,Czechoslovakia,Germany,3,1,Czechoslovakia,Germany
1934,Italy,Semifinals,Italy,Austria,1,0,Italy,Austria
1934,Italy,Third place,Austria,Germany,2,3,West Germany,Austria
1934,Italy,Final,Italy,Czechoslovakia,2,1,Italy,Czechoslovakia
1938,France,Round of 16,Germany,Switzerland,1,1,Draw,Draw
1938,France,Round of 16,Brazil,Poland,6,5,Brazil,Poland
1938,France,Round of 16,Cuba,Romania,3,3,Draw,Draw
1938,France,Round of 16,Czechoslovakia,Netherlands,3,0,Czechoslovakia,Netherlands
1938,France,Round of 16,France,Belgium,3,1,France,Belgium
1938,France,Round of 16,Hungary,Dutch West Indies,6,0,Hungary,Dutch West Indies
1938,France,Round of 16,Italy,Norway,2,1,Italy,Norway
1938,France,Round of 16,Cuba,Romania,2,1,Cuba,Romania
1938,France,Round of 16,Germany,Switzerland,2,4,Switzerland,Germany
1938,France,Quarterfinals,Brazil,Czechoslovakia,1,1,Draw,Draw
1938,France,Quarterfinals,Cuba,Sweden,0,8,Sweden,Cuba
1938,France,Quarterfinals,France,Italy,1,3,Italy,France
1938,France,Quarterfinals,Hungary,Switzerland,2,0,Hungary,Switzerland
1938,France,Quarterfinals,Brazil,Czechoslovakia,2,1,Brazil,Czechoslovakia
1938,France,Semifinals,Brazil,Italy,1,2,Italy,Brazil
1938,France,Semifinals,Hungary,Sweden,5,1,Hungary,Sweden
1938,France,Third place,Brazil,Sweden,4,2,Brazil,Sweden
1938,France,Final,Hungary,Italy,2,4,Italy,Hungary
1950,Brazil,Group Stage,Brazil,Mexico,4,0,Brazil,Mexico
1950,Brazil,Group Stage,Chile,England,0,2,England,Chile
1950,Brazil,Group Stage,Italy,Sweden,2,3,Sweden,Italy
1950,Brazil,Group Stage,Spain,United States,3,1,Spain,United States
1950,Brazil,Group Stage,Switzerland,Yugoslavia,0,3,Yugoslavia,Switzerland
1950,Brazil,Group Stage,Brazil,Switzerland,2,2,Draw,Draw
1950,Brazil,Group Stage,Mexico,Yugoslavia,1,4,Yugoslavia,Mexico
1950,Brazil,Group Stage,Chile,Spain,0,2,Spain,Chile
1950,Brazil,Group Stage,England,United States,0,1,United States,England
1950,Brazil,Group Stage,Paraguay,Sweden,2,2,Draw,Draw
1950,Brazil,Group Stage,Brazil,Yugoslavia,2,0,Brazil,Yugoslavia
1950,Brazil,Group Stage,Bolivia,Uruguay,0,8,Uruguay,Bolivia
1950,Brazil,Group Stage,Chile,United States,5,2,Chile,United States
1950,Brazil,Group Stage,England,Spain,0,1,Spain,England
1950,Brazil,Group Stage,Italy,Paraguay,2,0,Italy,Paraguay
1950,Brazil,Group Stage,Mexico,Switzerland,1,2,Switzerland,Mexico
1950,Brazil,Final Round,Brazil,Sweden,7,1,Brazil,Sweden
1950,Brazil,Final Round,Spain,Uruguay,2,2,Draw,Draw
1950,Brazil,Final Round,Brazil,Spain,6,1,Brazil,Spain
1950,Brazil,Final Round,Sweden,Uruguay,2,3,Uruguay,Sweden
1950,Brazil,Final Round,Brazil,Uruguay,1,2,Uruguay,Brazil
1950,Brazil,Final Round,Spain,Sweden,1,3,Sweden,Spain
1954,Switzerland,Group Stage,Austria,Scotland,1,0,Austria,Scotland
1954,Switzerland,Group Stage,Brazil,Mexico,5,0,Brazil,Mexico
1954,Switzerland,Group Stage,Czechoslovakia,Uruguay,0,2,Uruguay,Czechoslovakia
1954,Switzerland,Group Stage,France,Yugoslavia,0,1,Yugoslavia,France
1954,Switzerland,Group Stage,Belgium,England,4,4,Draw,Draw
1954,Switzerland,Group Stage,West Germany,Turkey,4,1,West Germany,Turkey
1954,Switzerland,Group Stage,Hungary,South Korea,9,0,Hungary,South Korea
1954,Switzerland,Group Stage,Switzerland,Italy,2,1,Switzerland,Italy
1954,Switzerland,Group Stage,Austria,Czechoslovakia,5,0,Austria,Czechoslovakia
1954,Switzerland,Group Stage,Brazil,Yugoslavia,1,1,Draw,Draw
1954,Switzerland,Group Stage,France,Mexico,3,2,France,Mexico
1954,Switzerland,Group Stage,Scotland,Uruguay,0,7,Uruguay,Scotland
1954,Switzerland,Group Stage,Belgium,Italy,1,4,Italy,Belgium
1954,Switzerland,Group Stage,West Germany,Hungary,3,8,Hungary,West Germany
1954,Switzerland,Group Stage,South Korea,Turkey,0,7,Turkey,South Korea
1954,Switzerland,Group Stage,Switzerland,England,0,2,England,Switzerland
1954,Switzerland,Group Stage,West Germany,Turkey,7,2,West Germany,Turkey
1954,Switzerland,Group Stage,Switzerland,Italy,4,1,Switzerland,Italy
1954,Switzerland,Quarterfinals,England,Uruguay,2,4,Uruguay,England
1954,Switzerland,Quarterfinals,Switzerland,Austria,5,7,Austria,Switzerland
1954,Switzerland,Quarterfinals,Brazil,Hungary,2,4,Hungary,Brazil
1954,Switzerland,Quarterfinals,West Germany,Yugoslavia,2,0,West Germany,Yugoslavia
1954,Switzerland,Semifinals,Austria,West Germany,1,6,West Germany,Austria
1954,Switzerland,Semifinals,Hungary,Uruguay,4,2,Hungary,Uruguay
1954,Switzerland,Third place,Austria,Uruguay,3,1,Austria,Uruguay
1954,Switzerland,Final,West Germany,Hungary,3,2,West Germany,Hungary
1958,Sweden,Group Stage,Argentina,West Germany,1,3,West Germany,Argentina
1958,Sweden,Group Stage,Austria,Brazil,0,3,Brazil,Austria
1958,Sweden,Group Stage,Czechoslovakia,Northern Ireland,0,1,Northern Ireland,Czechoslovakia
1958,Sweden,Group Stage,England,Soviet Union,2,2,Draw,Draw
1958,Sweden,Group Stage,France,Paraguay,7,3,France,Paraguay
1958,Sweden,Group Stage,Hungary,Wales,1,1,Draw,Draw
1958,Sweden,Group Stage,Scotland,Yugoslavia,1,1,Draw,Draw
1958,Sweden,Group Stage,Sweden,Mexico,3,0,Sweden,Mexico
1958,Sweden,Group Stage,Argentina,Northern Ireland,3,1,Argentina,Northern Ireland
1958,Sweden,Group Stage,Austria,Soviet Union,0,2,Soviet Union,Austria
1958,Sweden,Group Stage,Brazil,England,0,0,Draw,Draw
1958,Sweden,Group Stage,Czechoslovakia,West Germany,2,2,Draw,Draw
1958,Sweden,Group Stage,France,Yugoslavia,2,3,Yugoslavia,France
1958,Sweden,Group Stage,Mexico,Wales,1,1,Draw,Draw
1958,Sweden,Group Stage,Paraguay,Scotland,3,2,Paraguay,Scotland
1958,Sweden,Group Stage,Sweden,Hungary,2,1,Sweden,Hungary
1958,Sweden,Group Stage,Argentina,Czechoslovakia,1,6,Czechoslovakia,Argentina
1958,Sweden,Group Stage,Austria,England,2,2,Draw,Draw
1958,Sweden,Group Stage,Brazil,Soviet Union,2,0,Brazil,Soviet Union
1958,Sweden,Group Stage,France,Scotland,2,1,France,Scotland
1958,Sweden,Group Stage,West Germany,Northern Ireland,2,2,Draw,Draw
1958,Sweden,Group Stage,Hungary,Mexico,4,0,Hungary,Mexico
1958,Sweden,Group Stage,Paraguay,Yugoslavia,3,3,Draw,Draw
1958,Sweden,Group Stage,Sweden,Wales,0,0,Draw,Draw
1958,Sweden,Group Stage,Czechoslovakia,Northern Ireland,1,2,Northern Ireland,Czechoslovakia
1958,Sweden,Group Stage,England,Soviet Union,0,1,Soviet Union,England
1958,Sweden,Group Stage,Hungary,Wales,1,2,Wales,Hungary
1958,Sweden,Quarterfinals,Brazil,Wales,1,0,Brazil,Wales
1958,Sweden,Quarterfinals,France,Northern Ireland,4,0,France,Northern Ireland
1958,Sweden,Quarterfinals,West Germany,Yugoslavia,1,0,West Germany,Yugoslavia
1958,Sweden,Quarterfinals,Sweden,Soviet Union,2,0,Sweden,Soviet Union
1958,Sweden,Semifinals,Brazil,France,5,2,Brazil,France
1958,Sweden,Semifinals,Sweden,West Germany,3,1,Sweden,West Germany
1958,Sweden,Third place,France,West Germany,6,3,France,West Germany
1958,Sweden,Final,Sweden,Brazil,2,5,Brazil,Sweden
1962,Chile,Group Stage,Argentina,Bulgaria,1,0,Argentina,Bulgaria
1962,Chile,Group Stage,Brazil,Mexico,2,0,Brazil,Mexico
1962,Chile,Group Stage,Chile,Switzerland,3,1,Chile,Switzerland
1962,Chile,Group Stage,Colombia,Uruguay,1,2,Uruguay,Colombia
1962,Chile,Group Stage,Czechoslovakia,Spain,1,0,Czechoslovakia,Spain
1962,Chile,Group Stage,England,Hungary,1,2,Hungary,England
1962,Chile,Group Stage,West Germany,Italy,0,0,Draw,Draw
1962,Chile,Group Stage,Soviet Union,Yugoslavia,2,0,Soviet Union,Yugoslavia
1962,Chile,Group Stage,Argentina,England,1,3,England,Argentina
1962,Chile,Group Stage,Brazil,Czechoslovakia,0,0,Draw,Draw
1962,Chile,Group Stage,Chile,Italy,2,0,Chile,Italy
1962,Chile,Group Stage,Uruguay,Yugoslavia,1,3,Yugoslavia,Uruguay
1962,Chile,Group Stage,Bulgaria,Hungary,1,6,Hungary,Bulgaria
1962,Chile,Group Stage,Colombia,Soviet Union,4,4,Draw,Draw
1962,Chile,Group Stage,West Germany,Switzerland,2,1,West Germany,Switzerland
1962,Chile,Group Stage,Mexico,Spain,0,1,Spain,Mexico
1962,Chile,Group Stage,Argentina,Hungary,0,0,Draw,Draw
1962,Chile,Group Stage,Brazil,Spain,2,1,Brazil,Spain
1962,Chile,Group Stage,Chile,West Germany,0,2,West Germany,Chile
1962,Chile,Group Stage,Soviet Union,Uruguay,2,1,Soviet Union,Uruguay
1962,Chile,Group Stage,Bulgaria,England,0,0,Draw,Draw
1962,Chile,Group Stage,Colombia,Yugoslavia,0,5,Yugoslavia,Colombia
1962,Chile,Group Stage,Czechoslovakia,Mexico,1,3,Mexico,Czechoslovakia
1962,Chile,Group Stage,Italy,Switzerland,3,0,Italy,Switzerland
1962,Chile,Quarterfinals,Brazil,England,3,1,Brazil,England
1962,Chile,Quarterfinals,Chile,Soviet Union,2,1,Chile,Soviet Union
1962,Chile,Quarterfinals,Czechoslovakia,Hungary,1,0,Czechoslovakia,Hungary
1962,Chile,Quarterfinals,West Germany,Yugoslavia,0,1,Yugoslavia,West Germany
1962,Chile,Semifinals,Chile,Brazil,2,4,Brazil,Chile
1962,Chile,Semifinals,Czechoslovakia,Yugoslavia,3,1,Czechoslovakia,Yugoslavia
1962,Chile,Third place,Chile,Yugoslavia,1,0,Chile,Yugoslavia
1962,Chile,Final,Brazil,Czechoslovakia,3,1,Brazil,Czechoslovakia
1966,England,Group Stage,England,Uruguay,0,0,Draw,Draw
1966,England,Group Stage,Brazil,Bulgaria,2,0,Brazil,Bulgaria
1966,England,Group Stage,West Germany,Switzerland,5,0,West Germany,Switzerland
1966,England,Group Stage,North Korea,Soviet Union,0,3,Soviet Union,North Korea
1966,England,Group Stage,Argentina,Spain,2,1,Argentina,Spain
1966,England,Group Stage,Chile,Italy,0,2,Italy,Chile
1966,England,Group Stage,France,Mexico,1,1,Draw,Draw
1966,England,Group Stage,Hungary,Portugal,1,3,Portugal,Hungary
1966,England,Group Stage,Brazil,Hungary,1,3,Hungary,Brazil
1966,England,Group Stage,Chile,North Korea,1,1,Draw,Draw
1966,England,Group Stage,France,Uruguay,1,2,Uruguay,France
1966,England,Group Stage,Spain,Switzerland,2,1,Spain,Switzerland
1966,England,Group Stage,Argentina,West Germany,0,0,Draw,Draw
1966,England,Group Stage,Bulgaria,Portugal,0,3,Portugal,Bulgaria
1966,England,Group Stage,England,Mexico,2,0,England,Mexico
1966,England,Group Stage,Italy,Soviet Union,0,1,Soviet Union,Italy
1966,England,Group Stage,Argentina,Switzerland,2,0,Argentina,Switzerland
1966,England,Group Stage,Brazil,Portugal,1,3,Portugal,Brazil
1966,England,Group Stage,Italy,North Korea,0,1,North Korea,Italy
1966,England,Group Stage,Mexico,Uruguay,0,0,Draw,Draw
1966,England,Group Stage,Bulgaria,Hungary,1,3,Hungary,Bulgaria
1966,England,Group Stage,Chile,Soviet Union,1,2,Soviet Union,Chile
1966,England,Group Stage,England,France,2,0,England,France
1966,England,Group Stage,West Germany,Spain,2,1,West Germany,Spain
1966,England,Quarterfinals,England,Argentina,1,0,England,Argentina
1966,England,Quarterfinals,West Germany,Uruguay,4,0,West Germany,Uruguay
1966,England,Quarterfinals,Hungary,Soviet Union,1,2,Soviet Union,Hungary
1966,England,Quarterfinals,North Korea,Portugal,3,5,Portugal,North Korea
1966,England,Semifinals,West Germany,Soviet Union,2,1,West Germany,Soviet Union
1966,England,Semifinals,England,Portugal,2,1,England,Portugal
1966,England,Third place,Portugal,Soviet Union,2,1,Portugal,Soviet Union
1966,England,Final,England,West Germany,4,2,England,West Germany
1970,Mexico,Group Stage,Mexico,Soviet Union,0,0,Draw,Draw
1970,Mexico,Group Stage,Bulgaria,Peru,2,3,Peru,Bulgaria
1970,Mexico,Group Stage,England,Romania,1,0,England,Romania
1970,Mexico,Group Stage,Israel,Uruguay,0,2,Uruguay,Israel
1970,Mexico,Group Stage,Belgium,El Salvador,3,0,Belgium,El Salvador
1970,Mexico,Group Stage,Brazil,Czechoslovakia,4,1,Brazil,Czechoslovakia
1970,Mexico,Group Stage,West Germany,Morocco,2,1,West Germany,Morocco
1970,Mexico,Group Stage,Italy,Sweden,1,0,Italy,Sweden
1970,Mexico,Group Stage,Belgium,Soviet Union,1,4,Soviet Union,Belgium
1970,Mexico,Group Stage,Czechoslovakia,Romania,1,2,Romania,Czechoslovakia
1970,Mexico,Group Stage,Italy,Uruguay,0,0,Draw,Draw
1970,Mexico,Group Stage,Morocco,Peru,0,3,Peru,Morocco
1970,Mexico,Group Stage,Brazil,England,1,0,Brazil,England
1970,Mexico,Group Stage,Bulgaria,West Germany,2,5,West Germany,Bulgaria
1970,Mexico,Group Stage,Israel,Sweden,1,1,Draw,Draw
1970,Mexico,Group Stage,Mexico,El Salvador,4,0,Mexico,El Salvador
1970,Mexico,Group Stage,Brazil,Romania,3,2,Brazil,Romania
1970,Mexico,Group Stage,El Salvador,Soviet Union,0,2,Soviet Union,El Salvador
1970,Mexico,Group Stage,West Germany,Peru,3,1,West Germany,Peru
1970,Mexico,Group Stage,Sweden,Uruguay,1,0,Sweden,Uruguay
1970,Mexico,Group Stage,Bulgaria,Morocco,1,1,Draw,Draw
1970,Mexico,Group Stage,Czechoslovakia,England,0,1,England,Czechoslovakia
1970,Mexico,Group Stage,Israel,Italy,0,0,Draw,Draw
1970,Mexico,Group Stage,Mexico,Belgium,1,0,Mexico,Belgium
1970,Mexico,Quarterfinals,Brazil,Peru,4,2,Brazil,Peru
1970,Mexico,Quarterfinals,England,West Germany,2,3,West Germany,England
1970,Mexico,Quarterfinals,Mexico,Italy,1,4,Italy,Mexico
1970,Mexico,Quarterfinals,Soviet Union,Uruguay,0,1,Uruguay,Soviet Union
1970,Mexico,Semifinals,Brazil,Uruguay,3,1,Brazil,Uruguay
1970,Mexico,Semifinals,West Germany,Italy,3,4,Italy,West Germany
1970,Mexico,Third place,West Germany,Uruguay,1,0,West Germany,Uruguay
1970,Mexico,Final,Brazil,Italy,4,1,Brazil,Italy
1974,Germany,Group Stage,Brazil,Yugoslavia,0,0,Draw,Draw
1974,Germany,Group Stage,Zaire,Scotland,0,2,Scotland,Zaire
1974,Germany,Group Stage,East Germany,Australia,2,0,East Germany,Australia
1974,Germany,Group Stage,West Germany,Chile,1,0,West Germany,Chile
1974,Germany,Group Stage,Italy,Haiti,3,1,Italy,Haiti
1974,Germany,Group Stage,Poland,Argentina,3,2,Poland,Argentina
1974,Germany,Group Stage,Sweden,Bulgaria,0,0,Draw,Draw
1974,Germany,Group Stage,Uruguay,Netherlands,0,2,Netherlands,Uruguay
1974,Germany,Group Stage,Chile,East Germany,1,1,Draw,Draw
1974,Germany,Group Stage,West Germany,Australia,3,0,West Germany,Australia
1974,Germany,Group Stage,Scotland,Brazil,0,0,Draw,Draw
1974,Germany,Group Stage,Yugoslavia,Zaire,9,0,Yugoslavia,Zaire
1974,Germany,Group Stage,Argentina,Italy,1,1,Draw,Draw
1974,Germany,Group Stage,Bulgaria,Uruguay,1,1,Draw,Draw
1974,Germany,Group Stage,Haiti,Poland,0,7,Poland,Haiti
1974,Germany,Group Stage,Netherlands,Sweden,0,0,Draw,Draw
1974,Germany,Group Stage,Australia,Chile,0,0,Draw,Draw
1974,Germany,Group Stage,Zaire,Brazil,0,3,Brazil,Zaire
1974,Germany,Group Stage,West Germany,East Germany,0,1,East Germany,West Germany
1974,Germany,Group Stage,Scotland,Yugoslavia,1,1,Draw,Draw
1974,Germany,Group Stage,Argentina,Haiti,4,1,Argentina,Haiti
1974,Germany,Group Stage,Bulgaria,Netherlands,1,4,Netherlands,Bulgaria
1974,Germany,Group Stage,Poland,Italy,2,1,Poland,Italy
1974,Germany,Group Stage,Sweden,Uruguay,3,0,Sweden,Uruguay
1974,Germany,Group Stage,Brazil,East Germany,1,0,Brazil,East Germany
1974,Germany,Group Stage,West Germany,Yugoslavia,2,0,West Germany,Yugoslavia
1974,Germany,Group Stage,Netherlands,Argentina,4,0,Netherlands,Argentina
1974,Germany,Group Stage,Sweden,Poland,0,1,Poland,Sweden
1974,Germany,Group Stage,Argentina,Brazil,1,2,Brazil,Argentina
1974,Germany,Group Stage,East Germany,Netherlands,0,2,Netherlands,West Germany
1974,Germany,Group Stage,West Germany,Sweden,4,2,West Germany,Sweden
1974,Germany,Group Stage,Poland,Yugoslavia,2,1,Poland,Yugoslavia
1974,Germany,Group Stage,Argentina,East Germany,1,1,Draw,Draw
1974,Germany,Group Stage,West Germany,Poland,1,0,West Germany,Poland
1974,Germany,Group Stage,Netherlands,Brazil,2,0,Netherlands,Brazil
1974,Germany,Group Stage,Sweden,Yugoslavia,2,1,Sweden,Yugoslavia
1974,Germany,Third place,Brazil,Poland,0,1,Poland,Brazil
1974,Germany,Final,West Germany,Netherlands,2,1,West Germany,Netherlands
1978,Argentina,Group Stage,West Germany,Poland,0,0,Draw,Draw
1978,Argentina,Group Stage,Argentina,Hungary,2,1,Argentina,Hungary
1978,Argentina,Group Stage,France,Italy,1,2,Italy,France
1978,Argentina,Group Stage,Mexico,Tunisia,1,3,Tunisia,Mexico
1978,Argentina,Group Stage,Austria,Spain,2,1,Austria,Spain
1978,Argentina,Group Stage,Brazil,Sweden,1,1,Draw,Draw
1978,Argentina,Group Stage,Iran,Netherlands,0,3,Netherlands,Iran
1978,Argentina,Group Stage,Peru,Scotland,3,1,Peru,Scotland
1978,Argentina,Group Stage,Argentina,France,2,1,Argentina,France
1978,Argentina,Group Stage,West Germany,Mexico,6,0,West Germany,Mexico
1978,Argentina,Group Stage,Hungary,Italy,1,3,Italy,Hungary
1978,Argentina,Group Stage,Poland,Tunisia,1,0,Poland,Tunisia
1978,Argentina,Group Stage,Austria,Sweden,1,0,Austria,Sweden
1978,Argentina,Group Stage,Brazil,Spain,0,0,Draw,Draw
1978,Argentina,Group Stage,Iran,Scotland,1,1,Draw,Draw
1978,Argentina,Group Stage,Netherlands,Peru,0,0,Draw,Draw
1978,Argentina,Group Stage,Argentina,Italy,0,1,Italy,Argentina
1978,Argentina,Group Stage,France,Hungary,3,1,France,Hungary
1978,Argentina,Group Stage,West Germany,Tunisia,0,0,Draw,Draw
1978,Argentina,Group Stage,Mexico,Poland,1,3,Poland,Mexico
1978,Argentina,Group Stage,Austria,Brazil,0,1,Brazil,Austria
1978,Argentina,Group Stage,Iran,Peru,1,4,Peru,Iran
1978,Argentina,Group Stage,Netherlands,Scotland,2,3,Scotland,Netherlands
1978,Argentina,Group Stage,Spain,Sweden,1,0,Spain,Sweden
1978,Argentina,Group Stage,Argentina,Poland,2,0,Argentina,Poland
1978,Argentina,Group Stage,Austria,Netherlands,1,5,Netherlands,Austria
1978,Argentina,Group Stage,Brazil,Peru,3,0,Brazil,Peru
1978,Argentina,Group Stage,West Germany,Italy,0,0,Draw,Draw
1978,Argentina,Group Stage,Argentina,Brazil,0,0,Draw,Draw
1978,Argentina,Group Stage,Austria,Italy,0,1,Italy,Austria
1978,Argentina,Group Stage,West Germany,Netherlands,2,2,Draw,Draw
1978,Argentina,Group Stage,Peru,Poland,0,1,Poland,Peru
1978,Argentina,Group Stage,Argentina,Peru,6,0,Argentina,Peru
1978,Argentina,Group Stage,Austria,West Germany,3,2,Austria,West Germany
1978,Argentina,Group Stage,Brazil,Poland,3,1,Brazil,Poland
1978,Argentina,Group Stage,Italy,Netherlands,1,2,Netherlands,Italy
1978,Argentina,Third place,Brazil,Italy,2,1,Brazil,Italy
1978,Argentina,Final,Argentina,Netherlands,3,1,Argentina,Netherlands
1982,Spain,Group Stage,Argentina,Belgium,0,1,Belgium,Argentina
1982,Spain,Group Stage,Brazil,Soviet Union,2,1,Brazil,Soviet Union
1982,Spain,Group Stage,Italy,Poland,0,0,Draw,Draw
1982,Spain,Group Stage,Hungary,El Salvador,10,1,Hungary,El Salvador
1982,Spain,Group Stage,Peru,Cameroon,0,0,Draw,Draw
1982,Spain,Group Stage,Scotland,New Zealand,5,2,Scotland,New Zealand
1982,Spain,Group Stage,England,France,3,1,England,France
1982,Spain,Group Stage,West Germany,Algeria,1,2,Algeria,West Germany
1982,Spain,Group Stage,Spain,Honduras,1,1,Draw,Draw
1982,Spain,Group Stage,Chile,Austria,0,1,Austria,Chile
1982,Spain,Group Stage,Czechoslovakia,Kuwait,1,1,Draw,Draw
1982,Spain,Group Stage,Yugoslavia,Northern Ireland,0,0,Draw,Draw
1982,Spain,Group Stage,Argentina,Hungary,4,1,Argentina,Hungary
1982,Spain,Group Stage,Brazil,Scotland,4,1,Brazil,Scotland
1982,Spain,Group Stage,Italy,Peru,1,1,Draw,Draw
1982,Spain,Group Stage,Belgium,El Salvador,1,0,Belgium,El Salvador
1982,Spain,Group Stage,Poland,Cameroon,0,0,Draw,Draw
1982,Spain,Group Stage,Soviet Union,New Zealand,3,0,Soviet Union,New Zealand
1982,Spain,Group Stage,England,Czechoslovakia,2,0,England,Czechoslovakia
1982,Spain,Group Stage,West Germany,Chile,4,1,West Germany,Chile
1982,Spain,Group Stage,Spain,Yugoslavia,2,1,Spain,Yugoslavia
1982,Spain,Group Stage,Algeria,Austria,0,2,Austria,Algeria
1982,Spain,Group Stage,France,Kuwait,4,1,France,Kuwait
1982,Spain,Group Stage,Honduras,Northern Ireland,1,1,Draw,Draw
1982,Spain,Group Stage,Belgium,Hungary,1,1,Draw,Draw
1982,Spain,Group Stage,Poland,Peru,5,1,Poland,Peru
1982,Spain,Group Stage,Soviet Union,Scotland,2,2,Draw,Draw
1982,Spain,Group Stage,Argentina,El Salvador,2,0,Argentina,El Salvador
1982,Spain,Group Stage,Brazil,New Zealand,4,0,Brazil,New Zealand
1982,Spain,Group Stage,Italy,Cameroon,1,1,Draw,Draw
1982,Spain,Group Stage,Algeria,Chile,3,2,Algeria,Chile
1982,Spain,Group Stage,France,Czechoslovakia,1,1,Draw,Draw
1982,Spain,Group Stage,Honduras,Yugoslavia,0,1,Yugoslavia,Honduras
1982,Spain,Group Stage,England,Kuwait,1,0,England,Kuwait
1982,Spain,Group Stage,West Germany,Austria,1,0,West Germany,Austria
1982,Spain,Group Stage,Spain,Northern Ireland,0,1,Northern Ireland,Spain
1982,Spain,Group Stage,Austria,France,0,1,France,Austria
1982,Spain,Group Stage,Poland,Belgium,3,0,Poland,Belgium
1982,Spain,Group Stage,West Germany,England,0,0,Draw,Draw
1982,Spain,Group Stage,Italy,Argentina,2,1,Italy,Argentina
1982,Spain,Group Stage,Austria,Northern Ireland,2,2,Draw,Draw
1982,Spain,Group Stage,Belgium,Soviet Union,0,1,Soviet Union,Belgium
1982,Spain,Group Stage,Argentina,Brazil,1,3,Brazil,Argentina
1982,Spain,Group Stage,Spain,West Germany,1,2,West Germany,Spain
1982,Spain,Group Stage,France,Northern Ireland,4,1,France,Northern Ireland
1982,Spain,Group Stage,Poland,Soviet Union,0,0,Draw,Draw
1982,Spain,Group Stage,Italy,Brazil,3,2,Italy,Brazil
1982,Spain,Group Stage,Spain,England,0,0,Draw,Draw
1982,Spain,Semifinals,West Germany,France,3,3,West Germany,France
1982,Spain,Semifinals,Poland,Italy,0,2,Italy,Poland
1982,Spain,Third place,Poland,France,3,2,Poland,France
1982,Spain,Final,Italy,West Germany,3,1,Italy,West Germany
1986,Mexico,Group Stage,Bulgaria,Italy,1,1,Draw,Draw
1986,Mexico,Group Stage,Canada,France,0,1,France,Canada
1986,Mexico,Group Stage,Spain,Brazil,0,1,Brazil,Spain
1986,Mexico,Group Stage,Argentina,South Korea,3,1,Argentina,South Korea
1986,Mexico,Group Stage,Morocco,Poland,0,0,Draw,Draw
1986,Mexico,Group Stage,Soviet Union,Hungary,6,0,Soviet Union,Hungary
1986,Mexico,Group Stage,Algeria,Northern Ireland,1,1,Draw,Draw
1986,Mexico,Group Stage,Mexico,Belgium,2,1,Mexico,Belgium
1986,Mexico,Group Stage,Portugal,England,1,0,Portugal,England
1986,Mexico,Group Stage,Paraguay,Iraq,1,0,Paraguay,Iraq
1986,Mexico,Group Stage,Scotland,Denmark,0,1,Denmark,Scotland
1986,Mexico,Group Stage,Uruguay,West Germany,1,1,Draw,Draw
1986,Mexico,Group Stage,France,Soviet Union,1,1,Draw,Draw
1986,Mexico,Group Stage,Italy,Argentina,1,1,Draw,Draw
1986,Mexico,Group Stage,South Korea,Bulgaria,1,1,Draw,Draw
1986,Mexico,Group Stage,Brazil,Algeria,1,0,Brazil,Algeria
1986,Mexico,Group Stage,England,Morocco,0,0,Draw,Draw
1986,Mexico,Group Stage,Hungary,Canada,2,0,Hungary,Canada
1986,Mexico,Group Stage,Mexico,Paraguay,1,1,Draw,Draw
1986,Mexico,Group Stage,Northern Ireland,Spain,1,2,Spain,Northern Ireland
1986,Mexico,Group Stage,Poland,Portugal,1,0,Poland,Portugal
1986,Mexico,Group Stage,Denmark,Uruguay,6,1,Denmark,Uruguay
1986,Mexico,Group Stage,West Germany,Scotland,2,1,West Germany,Scotland
1986,Mexico,Group Stage,Iraq,Belgium,1,2,Belgium,Iraq
1986,Mexico,Group Stage,Hungary,France,0,3,France,Hungary
1986,Mexico,Group Stage,Soviet Union,Canada,2,0,Soviet Union,Canada
1986,Mexico,Group Stage,Argentina,Bulgaria,2,0,Argentina,Bulgaria
1986,Mexico,Group Stage,South Korea,Italy,2,3,Italy,South Korea
1986,Mexico,Group Stage,England,Poland,3,0,England,Poland
1986,Mexico,Group Stage,Mexico,Iraq,1,0,Mexico,Iraq
1986,Mexico,Group Stage,Paraguay,Belgium,2,2,Draw,Draw
1986,Mexico,Group Stage,Portugal,Morocco,1,3,Morocco,Portugal
1986,Mexico,Group Stage,Algeria,Spain,0,3,Spain,Algeria
1986,Mexico,Group Stage,Northern Ireland,Brazil,0,3,Brazil,Northern Ireland
1986,Mexico,Group Stage,Denmark,West Germany,2,0,Denmark,West Germany
1986,Mexico,Group Stage,Scotland,Uruguay,0,0,Draw,Draw
1986,Mexico,Round of 16,Mexico,Bulgaria,2,0,Mexico,Bulgaria
1986,Mexico,Round of 16,Soviet Union,Belgium,3,4,Belgium,Soviet Union
1986,Mexico,Round of 16,Argentina,Uruguay,1,0,Argentina,Uruguay
1986,Mexico,Round of 16,Brazil,Poland,4,0,Brazil,Poland
1986,Mexico,Round of 16,Italy,France,0,2,France,Italy
1986,Mexico,Round of 16,Morocco,West Germany,0,1,West Germany,Morocco
1986,Mexico,Round of 16,Denmark,Spain,1,5,Spain,Denmark
1986,Mexico,Round of 16,England,Paraguay,3,0,England,Paraguay
1986,Mexico,Quarterfinals,Brazil,France,1,1,France,Brazil
1986,Mexico,Quarterfinals,Mexico,West Germany,0,0,West Germany,Mexico
1986,Mexico,Quarterfinals,Argentina,England,2,1,Argentina,England
1986,Mexico,Quarterfinals,Spain,Belgium,1,1,Belgium,Spain
1986,Mexico,Semifinals,Argentina,Belgium,2,0,Argentina,Belgium
1986,Mexico,Semifinals,France,West Germany,0,2,West Germany,France
1986,Mexico,Third place,France,Belgium,4,2,France,Belgium
1986,Mexico,Final,Argentina,West Germany,3,2,Argentina,West Germany
1990,Italy,Group Stage,Argentina,Cameroon,0,1,Cameroon,Argentina
1990,Italy,Group Stage,Italy,Austria,1,0,Italy,Austria
1990,Italy,Group Stage,Soviet Union,Romania,0,2,Romania,Soviet Union
1990,Italy,Group Stage,United Arab Emirates,Colombia,0,2,Colombia,United Arab Emirates
1990,Italy,Group Stage,Brazil,Sweden,2,1,Brazil,Sweden
1990,Italy,Group Stage,West Germany,Yugoslavia,4,1,West Germany,Yugoslavia
1990,Italy,Group Stage,United States,Czechoslovakia,1,5,Czechoslovakia,United States
1990,Italy,Group Stage,Costa Rica,Scotland,1,0,Costa Rica,Scotland
1990,Italy,Group Stage,England,Republic of Ireland,1,1,Draw,Draw
1990,Italy,Group Stage,Belgium,South Korea,2,0,Belgium,South Korea
1990,Italy,Group Stage,Netherlands,Egypt,1,1,Draw,Draw
1990,Italy,Group Stage,Argentina,Soviet Union,2,0,Argentina,Soviet Union
1990,Italy,Group Stage,Uruguay,Spain,0,0,Draw,Draw
1990,Italy,Group Stage,Cameroon,Romania,2,1,Cameroon,Romania
1990,Italy,Group Stage,Italy,United States,1,0,Italy,United States
1990,Italy,Group Stage,Yugoslavia,Colombia,1,0,Yugoslavia,Colombia
1990,Italy,Group Stage,Austria,Czechoslovakia,0,1,Czechoslovakia,Austria
1990,Italy,Group Stage,West Germany,United Arab Emirates,5,1,West Germany,United Arab Emirates
1990,Italy,Group Stage,Brazil,Costa Rica,1,0,Brazil,Costa Rica
1990,Italy,Group Stage,England,Netherlands,0,0,Draw,Draw
1990,Italy,Group Stage,Sweden,Scotland,1,2,Scotland,Sweden
1990,Italy,Group Stage,Belgium,Uruguay,3,1,Belgium,Uruguay
1990,Italy,Group Stage,Republic of Ireland,Egypt,0,0,Draw,Draw
1990,Italy,Group Stage,South Korea,Spain,1,3,Spain,South Korea
1990,Italy,Group Stage,Argentina,Romania,1,1,Draw,Draw
1990,Italy,Group Stage,Cameroon,Soviet Union,0,4,Soviet Union,Cameroon
1990,Italy,Group Stage,Austria,United States,2,1,Austria,United States
1990,Italy,Group Stage,West Germany,Colombia,1,1,Draw,Draw
1990,Italy,Group Stage,Italy,Czechoslovakia,2,0,Italy,Czechoslovakia
1990,Italy,Group Stage,Yugoslavia,United Arab Emirates,4,1,Yugoslavia,United Arab Emirates
1990,Italy,Group Stage,Brazil,Scotland,1,0,Brazil,Scotland
1990,Italy,Group Stage,Sweden,Costa Rica,1,2,Costa Rica,Sweden
1990,Italy,Group Stage,Belgium,Spain,1,2,Spain,Belgium
1990,Italy,Group Stage,England,Egypt,1,0,England,Egypt
1990,Italy,Group Stage,Republic of Ireland,Netherlands,1,1,Draw,Draw
1990,Italy,Group Stage,South Korea,Uruguay,0,1,Uruguay,South Korea
1990,Italy,Round of 16,Cameroon,Colombia,2,1,Cameroon,Colombia
1990,Italy,Round of 16,Czechoslovakia,Costa Rica,4,1,Czechoslovakia,Costa Rica
1990,Italy,Round of 16,Brazil,Argentina,0,1,Argentina,Brazil
1990,Italy,Round of 16,West Germany,Netherlands,2,1,West Germany,Netherlands
1990,Italy,Round of 16,Republic of Ireland,Romania,0,0,Republic of Ireland,Romania
1990,Italy,Round of 16,Italy,Uruguay,2,0,Italy,Uruguay
1990,Italy,Round of 16,England,Belgium,1,0,England,Belgium
1990,Italy,Round of 16,Spain,Yugoslavia,1,2,Yugoslavia,Spain
1990,Italy,Quarterfinals,Italy,Republic of Ireland,1,0,Italy,Republic of Ireland
1990,Italy,Quarterfinals,Yugoslavia,Argentina,0,0,Argentina,Yugoslavia
1990,Italy,Quarterfinals,Cameroon,England,2,3,England,Cameroon
1990,Italy,Quarterfinals,West Germany,Czechoslovakia,1,0,West Germany,Czechoslovakia
1990,Italy,Semifinals,Italy,Argentina,1,1,Argentina,Italy
1990,Italy,Semifinals,West Germany,England,1,1,West Germany,England
1990,Italy,Third place,Italy,England,2,1,Italy,England
1990,Italy,Final,West Germany,Argentina,1,0,West Germany,Argentina
1994,United States,Group Stage,Germany,Bolivia,1,0,Germany,Bolivia
1994,United States,Group Stage,Spain,South Korea,2,2,Draw,Draw
1994,United States,Group Stage,Colombia,Romania,1,3,Romania,Colombia
1994,United States,Group Stage,Italy,Republic of Ireland,0,1,Republic of Ireland,Italy
1994,United States,Group Stage,United States,Switzerland,1,1,Draw,Draw
1994,United States,Group Stage,Belgium,Morocco,1,0,Belgium,Morocco
1994,United States,Group Stage,Cameroon,Sweden,2,2,Draw,Draw
1994,United States,Group Stage,Norway,Mexico,1,0,Norway,Mexico
1994,United States,Group Stage,Brazil,Russia,2,0,Brazil,Russia
1994,United States,Group Stage,Netherlands,Saudi Arabia,2,1,Netherlands,Saudi Arabia
1994,United States,Group Stage,Argentina,Greece,4,0,Argentina,Greece
1994,United States,Group Stage,Germany,Spain,1,1,Draw,Draw
1994,United States,Group Stage,Nigeria,Bulgaria,3,0,Nigeria,Bulgaria
1994,United States,Group Stage,Romania,Switzerland,1,4,Switzerland,Romania
1994,United States, Group A,United States,Colombia,2,1,United States,Colombia
1994,United States,Group Stage,Italy,Norway,1,0,Italy,Norway
1994,United States,Group Stage,South Korea,Bolivia,0,0,Draw,Draw
1994,United States,Group Stage,Brazil,Cameroon,3,0,Brazil,Cameroon
1994,United States,Group Stage,Mexico,Republic of Ireland,2,1,Mexico,Republic of Ireland
1994,United States,Group Stage,Sweden,Russia,3,1,Sweden,Russia
1994,United States,Group Stage,Argentina,Nigeria,2,1,Argentina,Nigeria
1994,United States,Group Stage,Belgium,Netherlands,1,0,Belgium,Netherlands
1994,United States,Group Stage,Saudi Arabia,Morocco,2,1,Saudi Arabia,Morocco
1994,United States,Group Stage,Bulgaria,Greece,4,0,Bulgaria,Greece
1994,United States,Group Stage,Switzerland,Colombia,0,2,Colombia,Switzerland
1994,United States,Group Stage,United States,Romania,0,1,Romania,United States
1994,United States,Group Stage,Bolivia,Spain,1,3,Spain,Bolivia
1994,United States,Group Stage,Germany,South Korea,3,2,Germany,South Korea
1994,United States,Group Stage,Brazil,Sweden,1,1,Draw,Draw
1994,United States,Group Stage,Republic of Ireland,Norway,0,0,Draw,Draw
1994,United States,Group Stage,Italy,Mexico,1,1,Draw,Draw
1994,United States,Group Stage,Russia,Cameroon,6,1,Russia,Cameroon
1994,United States,Group Stage,Belgium,Saudi Arabia,0,1,Saudi Arabia,Belgium
1994,United States,Group Stage,Morocco,Netherlands,1,2,Netherlands,Morocco
1994,United States,Group Stage,Argentina,Bulgaria,0,2,Bulgaria,Argentina
1994,United States,Group Stage,Greece,Nigeria,0,2,Nigeria,Greece
1994,United States,Round of 16,Germany,Belgium,3,2,Germany,Belgium
1994,United States,Round of 16,Spain,Switzerland,3,0,Spain,Switzerland
1994,United States,Round of 16,Romania,Argentina,3,2,Romania,Argentina
1994,United States,Round of 16,Saudi Arabia,Sweden,1,3,Sweden,Saudi Arabia
1994,United States,Round of 16,Netherlands,Republic of Ireland,2,0,Netherlands,Republic of Ireland
1994,United States,Round of 16,United States,Brazil,0,1,Brazil,United States
1994,United States,Round of 16,Mexico,Bulgaria,1,1,Bulgaria,Mexico
1994,United States,Round of 16,Nigeria,Italy,1,2,Italy,Nigeria
1994,United States,Quarterfinals,Italy,Spain,2,1,Italy,Spain
1994,United States,Quarterfinals,Netherlands,Brazil,2,3,Brazil,Netherlands
1994,United States,Quarterfinals,Bulgaria,Germany,2,1,Bulgaria,Germany
1994,United States,Quarterfinals,Romania,Sweden,2,2,Sweden,Romania
1994,United States,Semifinals,Bulgaria,Italy,1,2,Italy,Bulgaria
1994,United States,Semifinals,Sweden,Brazil,0,1,Brazil,Sweden
1994,United States,Third place,Sweden,Bulgaria,4,0,Sweden,Bulgaria
1994,United States,Final,Brazil,Italy,0,0,Brazil,Italy
1998,France,Group Stage,Brazil,Scotland,2,1,Brazil,Scotland
1998,France,Group Stage,Morocco,Norway,2,2,Draw,Draw
1998,France,Group Stage,Cameroon,Austria,1,1,Draw,Draw
1998,France,Group Stage,Italy,Chile,2,2,Draw,Draw
1998,France,Group Stage,France,South Africa,3,0,France,South Africa
1998,France,Group Stage,Paraguay,Bulgaria,0,0,Draw,Draw
1998,France,Group Stage,Saudi Arabia,Denmark,0,1,Denmark,Saudi Arabia
1998,France,Group Stage,South Korea,Mexico,1,3,Mexico,South Korea
1998,France,Group Stage,Netherlands,Belgium,0,0,Draw,Draw
1998,France,Group Stage,Spain,Nigeria,2,3,Nigeria,Spain
1998,France,Group Stage,Argentina,Japan,1,0,Argentina,Japan
1998,France,Group Stage,Jamaica,Croatia,1,3,Croatia,Jamaica
1998,France,Group Stage,FR Yugoslavia,Iran,1,0,FR Yugoslavia,Iran
1998,France,Group Stage,England,Tunisia,2,0,England,Tunisia
1998,France,Group Stage,Germany,United States,2,0,Germany,United States
1998,France,Group Stage,Romania,Colombia,1,0,Romania,Colombia
1998,France,Group Stage,Brazil,Morocco,3,0,Brazil,Morocco
1998,France,Group Stage,Scotland,Norway,1,1,Draw,Draw
1998,France,Group Stage,Chile,Austria,1,1,Draw,Draw
1998,France,Group Stage,Italy,Cameroon,3,0,Italy,Cameroon
1998,France,Group Stage,France,Saudi Arabia,4,0,France,Saudi Arabia
1998,France,Group Stage,South Africa,Denmark,1,1,Draw,Draw
1998,France,Group Stage,Nigeria,Bulgaria,1,0,Nigeria,Bulgaria
1998,France,Group Stage,Spain,Paraguay,0,0,Draw,Draw
1998,France,Group Stage,Belgium,Mexico,2,2,Draw,Draw
1998,France,Group Stage,Japan,Croatia,0,1,Croatia,Japan
1998,France,Group Stage,Netherlands,South Korea,5,0,Netherlands,South Korea
1998,France,Group Stage,Argentina,Jamaica,5,0,Argentina,Jamaica
1998,France,Group Stage,Germany,FR Yugoslavia,2,2,Draw,Draw
1998,France,Group Stage,United States,Iran,1,2,Iran,United States
1998,France,Group Stage,Colombia,Tunisia,1,0,Colombia,Tunisia
1998,France,Group Stage,Romania,England,2,1,Romania,England
1998,France,Group Stage,Brazil,Norway,1,2,Norway,Brazil
1998,France,Group Stage,Chile,Cameroon,1,1,Draw,Draw
1998,France,Group Stage,Italy,Austria,2,1,Italy,Austria
1998,France,Group Stage,Scotland,Morocco,0,3,Morocco,Scotland
1998,France,Group Stage,France,Denmark,2,1,France,Denmark
1998,France,Group Stage,Nigeria,Paraguay,1,3,Paraguay,Nigeria
1998,France,Group Stage,South Africa,Saudi Arabia,2,2,Draw,Draw
1998,France,Group Stage,Spain,Bulgaria,6,1,Spain,Bulgaria
1998,France,Group Stage,Belgium,South Korea,1,1,Draw,Draw
1998,France,Group Stage,Germany,Iran,2,0,Germany,Iran
1998,France,Group Stage,Netherlands,Mexico,2,2,Draw,Draw
1998,France,Group Stage,United States,Serbia,0,1,Serbia,United States
1998,France,Group Stage,Argentina,Croatia,1,0,Argentina,Croatia
1998,France,Group Stage,Colombia,England,0,2,England,Colombia
1998,France,Group Stage,Japan,Jamaica,1,2,Jamaica,Japan
1998,France,Group Stage,Romania,Tunisia,1,1,Draw,Draw
1998,France,Round of 16,Brazil,Chile,4,1,Brazil,Chile
1998,France,Round of 16,Italy,Norway,1,0,Italy,Norway
1998,France,Round of 16,France,Paraguay,1,0,France,Paraguay
1998,France,Round of 16,Nigeria,Denmark,1,4,Denmark,Nigeria
1998,France,Round of 16,Germany,Mexico,2,1,Germany,Mexico
1998,France,Round of 16,Netherlands,FR Yugoslavia,2,1,Netherlands,FR Yugoslavia
1998,France,Round of 16,Argentina,England,2,2,Argentina,England
1998,France,Round of 16,Romania,Croatia,0,1,Croatia,Romania
1998,France,Quarterfinals,Brazil,Denmark,3,2,Brazil,Denmark
1998,France,Quarterfinals,France,Italy,0,0,France,Italy
1998,France,Quarterfinals,Germany,Croatia,0,3,Croatia,Germany
1998,France,Quarterfinals,Netherlands,Argentina,2,1,Netherlands,Argentina
1998,France,Semifinals,Brazil,Netherlands,1,1,Brazil,Netherlands
1998,France,Semifinals,France,Croatia,2,1,France,Croatia
1998,France,Third place,Netherlands,Croatia,1,2,Croatia,Netherlands
1998,France,Final,France,Brazil,3,0,France,Brazil
2002,South Korea,Group Stage,France,Senegal,0,1,Senegal,France
2002,Japan,Group Stage,Germany,Saudi Arabia,8,0,Germany,Saudi Arabia
2002,Japan,Group Stage,Republic of Ireland,Cameroon,1,1,Draw,Draw
2002,South Korea,Group Stage,Uruguay,Denmark,1,2,Denmark,Uruguay
2002,Japan,Group Stage,Argentina,Nigeria,1,0,Argentina,Nigeria
2002,Japan,Group Stage,England,Sweden,1,1,Draw,Draw
2002,South Korea,Group Stage,Paraguay,South Africa,2,2,Draw,Draw
2002,South Korea,Group Stage,Spain,Slovenia,3,1,Spain,Slovenia
2002,South Korea,Group Stage,Brazil,Turkey,2,1,Brazil,Turkey
2002,Japan,Group Stage,Croatia,Mexico,0,1,Mexico,Croatia
2002,Japan,Group Stage,Italy,Ecuador,2,0,Italy,Ecuador
2002,South Korea,Group Stage,China PR,Costa Rica,0,2,Costa Rica,China PR
2002,Japan,Group Stage,Japan,Belgium,2,2,Draw,Draw
2002,South Korea,Group Stage,South Korea,Poland,2,0,South Korea,Poland
2002,Japan,Group Stage,Germany,Republic of Ireland,1,1,Draw,Draw
2002,Japan,Group Stage,Russia,Tunisia,2,0,Russia,Tunisia
2002,South Korea,Group Stage,United States,Portugal,3,2,United States,Portugal
2002,Japan,Group Stage,Cameroon,Saudi Arabia,1,0,Cameroon,Saudi Arabia
2002,South Korea,Group Stage,Denmark,Senegal,1,1,Draw,Draw
2002,South Korea,Group Stage,France,Uruguay,0,0,Draw,Draw
2002,Japan,Group Stage,Argentina,England,0,1,England,Argentina
2002,South Korea,Group Stage,Spain,Paraguay,3,1,Spain,Paraguay
2002,Japan,Group Stage,Sweden,Nigeria,2,1,Sweden,Nigeria
2002,South Korea,Group Stage,Brazil,China PR,4,0,Brazil,China PR
2002,Japan,Group Stage,Italy,Croatia,1,2,Croatia,Italy
2002,South Korea,Group Stage,South Africa,Slovenia,1,0,South Africa,Slovenia
2002,South Korea,Group Stage,Costa Rica,Turkey,1,1,Draw,Draw
2002,Japan,Group Stage,Japan,Russia,1,0,Japan,Russia
2002,Japan,Group Stage,Mexico,Ecuador,2,1,Mexico,Ecuador
2002,South Korea,Group Stage,South Korea,United States,1,1,Draw,Draw
2002,South Korea,Group Stage,Portugal,Poland,4,0,Portugal,Poland
2002,Japan,Group Stage,Tunisia,Belgium,1,1,Draw,Draw
2002,Japan,Group Stage,Cameroon,Germany,0,2,Germany,Cameroon
2002,South Korea,Group Stage,Denmark,France,2,0,Denmark,France
2002,Japan,Group Stage,Saudi Arabia,Republic of Ireland,0,3,Republic of Ireland,Saudi Arabia
2002,South Korea,Group Stage,Senegal,Uruguay,3,3,Draw,Draw
2002,Japan,Group Stage,Nigeria,England,0,0,Draw,Draw
2002,South Korea,Group Stage,Slovenia,Paraguay,1,3,Paraguay,Slovenia
2002,South Korea,Group Stage,South Africa,Spain,2,3,Spain,South Africa
2002,Japan,Group Stage,Sweden,Argentina,1,1,Draw,Draw
2002,South Korea,Group Stage,Costa Rica,Brazil,2,5,Brazil,Costa Rica
2002,Japan,Group Stage,Ecuador,Croatia,1,0,Ecuador,Croatia
2002,Japan,Group Stage,Mexico,Italy,1,1,Draw,Draw
2002,South Korea,Group Stage,Turkey,China PR,3,0,Turkey,China PR
2002,Japan,Group Stage,Belgium,Russia,3,2,Belgium,Russia
2002,Japan,Group Stage,Japan,Tunisia,2,0,Japan,Tunisia
2002,South Korea,Group Stage,South Korea,Portugal,1,0,South Korea,Portugal
2002,South Korea,Group Stage,Poland,United States,3,1,Poland,United States
2002,Japan,Round of 16,Denmark,England,0,3,England,Denmark
2002,South Korea,Round of 16,Germany,Paraguay,1,0,Germany,Paraguay
2002,South Korea,Round of 16,Spain,Republic of Ireland,1,1,Spain,Republic of Ireland
2002,Japan,Round of 16,Sweden,Senegal,1,2,Senegal,Sweden
2002,Japan,Round of 16,Brazil,Belgium,2,0,Brazil,Belgium
2002,South Korea,Round of 16,Mexico,United States,0,2,United States,Mexico
2002,Japan,Round of 16,Japan,Turkey,0,1,Turkey,Japan
2002,South Korea,Round of 16,South Korea,Italy,2,1,South Korea,Italy
2002,Japan,Quarterfinals,England,Brazil,1,2,Brazil,England
2002,South Korea,Quarterfinals,Germany,United States,1,0,Germany,United States
2002,South Korea,Quarterfinals,South Korea,Spain,0,0,South Korea,Spain
2002,Japan,Quarterfinals,Senegal,Turkey,0,1,Turkey,Senegal
2002,South Korea,Semifinals,South Korea,Germany,0,1,Germany,South Korea
2002,Japan,Semifinals,Brazil,Turkey,1,0,Brazil,Turkey
2002,South Korea,Third place,South Korea,Turkey,2,3,Turkey,South Korea
2002,Japan,Final,Germany,Brazil,0,2,Brazil,Germany
2006,Germany,Group Stage,Germany,Costa Rica,4,2,Germany,Costa Rica
2006,Germany,Group Stage,Poland,Ecuador,0,2,Ecuador,Poland
2006,Germany,Group Stage,Argentina,Ivory Coast,2,1,Argentina,Ivory Coast
2006,Germany,Group Stage,England,Paraguay,1,0,England,Paraguay
2006,Germany,Group Stage,Trinidad and Tobago,Sweden,0,0,Draw,Draw
2006,Germany,Group Stage,Angola,Portugal,0,1,Portugal,Angola
2006,Germany,Group Stage,Mexico,Iran,3,1,Mexico,Iran
2006,Germany,Group Stage,Serbia,Netherlands,0,1,Netherlands,Serbia
2006,Germany,Group Stage,Australia,Japan,3,1,Australia,Japan
2006,Germany,Group Stage,Italy,Ghana,2,0,Italy,Ghana
2006,Germany,Group Stage,United States,Czech Republic,0,3,Czech Republic,United States
2006,Germany,Group Stage,Brazil,Croatia,1,0,Brazil,Croatia
2006,Germany,Group Stage,France,Switzerland,0,0,Draw,Draw
2006,Germany,Group Stage,South Korea,Togo,2,1,South Korea,Togo
2006,Germany,Group Stage,Germany,Poland,1,0,Germany,Poland
2006,Germany,Group Stage,Spain,Ukraine,4,0,Spain,Ukraine
2006,Germany,Group Stage,Tunisia,Saudi Arabia,2,2,Draw,Draw
2006,Germany,Group Stage,Ecuador,Costa Rica,3,0,Ecuador,Costa Rica
2006,Germany,Group Stage,England,Trinidad and Tobago,2,0,England,Trinidad and Tobago
2006,Germany,Group Stage,Sweden,Paraguay,1,0,Sweden,Paraguay
2006,Germany,Group Stage,Argentina,Serbia,6,0,Argentina,Serbia
2006,Germany,Group Stage,Mexico,Angola,0,0,Draw,Draw
2006,Germany,Group Stage,Netherlands,Ivory Coast,2,1,Netherlands,Ivory Coast
2006,Germany,Group Stage,Czech Republic,Ghana,0,2,Ghana,Czech Republic
2006,Germany,Group Stage,Italy,United States,1,1,Draw,Draw
2006,Germany,Group Stage,Portugal,Iran,2,0,Portugal,Iran
2006,Germany,Group Stage,Brazil,Australia,2,0,Brazil,Australia
2006,Germany,Group Stage,France,South Korea,1,1,Draw,Draw
2006,Germany,Group Stage,Japan,Croatia,0,0,Draw,Draw
2006,Germany,Group Stage,Saudi Arabia,Ukraine,0,4,Ukraine,Saudi Arabia
2006,Germany,Group Stage,Spain,Tunisia,3,1,Spain,Tunisia
2006,Germany,Group Stage,Togo,Switzerland,0,2,Switzerland,Togo
2006,Germany,Group Stage,Costa Rica,Poland,1,2,Poland,Costa Rica
2006,Germany,Group Stage,Germany,Ecuador,3,0,Germany,Ecuador
2006,Germany,Group Stage,Paraguay,Trinidad and Tobago,2,0,Paraguay,Trinidad and Tobago
2006,Germany,Group Stage,Sweden,England,2,2,Draw,Draw
2006,Germany,Group Stage,Iran,Angola,1,1,Draw,Draw
2006,Germany,Group Stage,Ivory Coast,Serbia,3,2,Ivory Coast,Serbia
2006,Germany,Group Stage,Netherlands,Argentina,0,0,Draw,Draw
2006,Germany,Group Stage,Portugal,Mexico,2,1,Portugal,Mexico
2006,Germany,Group Stage,Croatia,Australia,2,2,Draw,Draw
2006,Germany,Group Stage,Czech Republic,Italy,0,2,Italy,Czech Republic
2006,Germany,Group Stage,Ghana,United States,2,1,Ghana,United States
2006,Germany,Group Stage,Japan,Brazil,1,4,Brazil,Japan
2006,Germany,Group Stage,Saudi Arabia,Spain,0,1,Spain,Saudi Arabia
2006,Germany,Group Stage,Switzerland,South Korea,2,0,Switzerland,South Korea
2006,Germany,Group Stage,Togo,France,0,2,France,Togo
2006,Germany,Group Stage,Ukraine,Tunisia,1,0,Ukraine,Tunisia
2006,Germany,Round of 16,Argentina,Mexico,2,1,Argentina,Mexico
2006,Germany,Round of 16,Germany,Sweden,2,0,Germany,Sweden
2006,Germany,Round of 16,England,Ecuador,1,0,England,Ecuador
2006,Germany,Round of 16,Portugal,Netherlands,1,0,Portugal,Netherlands
2006,Germany,Round of 16,Italy,Australia,1,0,Italy,Australia
2006,Germany,Round of 16,Switzerland,Ukraine,0,0,Ukraine,Switzerland
2006,Germany,Round of 16,Brazil,Ghana,3,0,Brazil,Ghana
2006,Germany,Round of 16,Spain,France,1,3,France,Spain
2006,Germany,Quarterfinals,Germany,Argentina,1,1,Germany,Argentina
2006,Germany,Quarterfinals,Italy,Ukraine,3,0,Italy,Ukraine
2006,Germany,Quarterfinals,Brazil,France,0,1,France,Brazil
2006,Germany,Quarterfinals,England,Portugal,0,0,Portagul,England
2006,Germany,Semifinals,Germany,Italy,0,2,Italy,Germany
2006,Germany,Semifinals,Portugal,France,0,1,France,Portugal
2006,Germany,Third place,Germany,Portugal,3,1,Germany,Portugal
2006,Germany,Final,Italy,France,1,1,Italy,France
2010,South Africa,Group Stage,South Africa,Mexico,1,1,Draw,Draw
2010,South Africa,Group Stage,Uruguay,France,0,0,Draw,Draw
2010,South Africa,Group Stage,Argentina,Nigeria,1,0,Argentina,Nigeria
2010,South Africa,Group Stage,England,United States,1,1,Draw,Draw
2010,South Africa,Group Stage,South Korea,Greece,2,0,South Korea,Greece
2010,South Africa,Group Stage,Algeria,Slovenia,0,1,Slovenia,Algeria
2010,South Africa,Group Stage,Germany,Australia,4,0,Germany,Australia
2010,South Africa,Group Stage,Serbia,Ghana,0,1,Ghana,Serbia
2010,South Africa,Group Stage,Italy,Paraguay,1,1,Draw,Draw
2010,South Africa,Group Stage,Japan,Cameroon,1,0,Japan,Cameroon
2010,South Africa,Group Stage,Netherlands,Denmark,2,0,Netherlands,Denmark
2010,South Africa,Group Stage,Brazil,North Korea,2,1,Brazil,North Korea
2010,South Africa,Group Stage,Ivory Coast,Portugal,0,0,Draw,Draw
2010,South Africa,Group Stage,New Zealand,Slovakia,1,1,Draw,Draw
2010,South Africa,Group Stage,Honduras,Chile,0,1,Chile,Honduras
2010,South Africa,Group Stage,South Africa,Uruguay,0,3,Uruguay,South Africa
2010,South Africa,Group Stage,Spain,Switzerland,0,1,Switzerland,Spain
2010,South Africa,Group Stage,Argentina,South Korea,4,1,Argentina,South Korea
2010,South Africa,Group Stage,France,Mexico,0,2,Mexico,France
2010,South Africa,Group Stage,Greece,Nigeria,2,1,Greece,Nigeria
2010,South Africa,Group Stage,England,Algeria,0,0,Draw,Draw
2010,South Africa,Group Stage,Germany,Serbia,0,1,Serbia,Germany
2010,South Africa,Group Stage,Slovenia,United States,2,2,Draw,Draw
2010,South Africa,Group Stage,Cameroon,Denmark,1,2,Denmark,Cameroon
2010,South Africa,Group Stage,Ghana,Australia,1,1,Draw,Draw
2010,South Africa,Group Stage,Netherlands,Japan,1,0,Netherlands,Japan
2010,South Africa,Group Stage,Brazil,Ivory Coast,3,1,Brazil,Ivory Coast
2010,South Africa,Group Stage,Italy,New Zealand,1,1,Draw,Draw
2010,South Africa,Group Stage,Slovakia,Paraguay,0,2,Paraguay,Slovakia
2010,South Africa,Group Stage,Chile,Switzerland,1,0,Chile,Switzerland
2010,South Africa,Group Stage,Portugal,North Korea,7,0,Portugal,North Korea
2010,South Africa,Group Stage,Spain,Honduras,2,0,Spain,Honduras
2010,South Africa,Group Stage,Greece,Argentina,0,2,Argentina,Greece
2010,South Africa,Group Stage,Mexico,Uruguay,0,1,Uruguay,Mexico
2010,South Africa,Group Stage,Nigeria,South Korea,2,2,Draw,Draw
2010,South Africa,Group Stage,South Africa,France,2,1,South Africa,France
2010,South Africa,Group Stage,Australia,Serbia,2,1,Australia,Serbia
2010,South Africa,Group Stage,Ghana,Germany,0,1,Germany,Ghana
2010,South Africa,Group Stage,Slovenia,England,0,1,England,Slovenia
2010,South Africa,Group Stage,United States,Algeria,1,0,United States,Algeria
2010,South Africa,Group Stage,Cameroon,Netherlands,1,2,Netherlands,Cameroon
2010,South Africa,Group Stage,Denmark,Japan,1,3,Japan,Denmark
2010,South Africa,Group Stage,Paraguay,New Zealand,0,0,Draw,Draw
2010,South Africa,Group Stage,Slovakia,Italy,3,2,Slovakia,Italy
2010,South Africa,Group Stage,Chile,Spain,1,2,Spain,Chile
2010,South Africa,Group Stage,North Korea,Ivory Coast,0,3,Ivory Coast,North Korea
2010,South Africa,Group Stage,Portugal,Brazil,0,0,Draw,Draw
2010,South Africa,Group Stage,Switzerland,Honduras,0,0,Draw,Draw
2010,South Africa,Round of 16,Uruguay,South Korea,2,1,Uruguay,South Korea
2010,South Africa,Round of 16,United States,Ghana,1,2,Ghana,United States
2010,South Africa,Round of 16,Argentina,Mexico,3,1,Argentina,Mexico
2010,South Africa,Round of 16,Germany,England,4,1,Germany,England
2010,South Africa,Round of 16,Brazil,Chile,3,0,Brazil,Chile
2010,South Africa,Round of 16,Netherlands,Slovakia,2,1,Netherlands,Slovakia
2010,South Africa,Round of 16,Paraguay,Japan,0,0,Paraguay,Japan
2010,South Africa,Round of 16,Spain,Portugal,1,0,Spain,Portugal
2010,South Africa,Quarterfinals,Netherlands,Brazil,2,1,Netherlands,Brazil
2010,South Africa,Quarterfinals,Uruguay,Ghana,1,1,Uruguay,Ghana
2010,South Africa,Quarterfinals,Argentina,Germany,0,4,Germany,Argentina
2010,South Africa,Quarterfinals,Paraguay,Spain,0,1,Spain,Paraguay
2010,South Africa,Semifinals,Uruguay,Netherlands,2,3,Netherlands,Uruguay
2010,South Africa,Semifinals,Germany,Spain,0,1,Spain,Germany
2010,South Africa,Third place,Uruguay,Germany,2,3,Germany,Uruguay
2010,South Africa,Final,Netherlands,Spain,0,1,Spain,Netherlands
2014,Brazil,Group Stage,Brazil,Croatia,3,1,Brazil,Croatia
2014,Brazil,Group Stage,Chile,Australia,3,1,Chile,Australia
2014,Brazil,Group Stage,Mexico,Cameroon,1,0,Mexico,Cameroon
2014,Brazil,Group Stage,Spain,Netherlands,1,5,Netherlands,Spain
2014,Brazil,Group Stage,Colombia,Greece,3,0,Colombia,Greece
2014,Brazil,Group Stage,England,Italy,1,2,Italy,England
2014,Brazil,Group Stage,Ivory Coast,Japan,2,1,Ivory Coast,Japan
2014,Brazil,Group Stage,Uruguay,Costa Rica,1,3,Costa Rica,Uruguay
2014,Brazil,Group Stage,Argentina,Bosnia and Herzegovina,2,1,Argentina,Bosnia and Herzegovina
2014,Brazil,Group Stage,France,Honduras,3,0,France,Honduras
2014,Brazil,Group Stage,Switzerland,Ecuador,2,1,Switzerland,Ecuador
2014,Brazil,Group Stage,Germany,Portugal,4,0,Germany,Portugal
2014,Brazil,Group Stage,Ghana,United States,1,2,United States,Ghana
2014,Brazil,Group Stage,Iran,Nigeria,0,0,Draw,Draw
2014,Brazil,Group Stage,Belgium,Algeria,2,1,Belgium,Algeria
2014,Brazil,Group Stage,Brazil,Mexico,0,0,Draw,Draw
2014,Brazil,Group Stage,Russia,South Korea,1,1,Draw,Draw
2014,Brazil,Group Stage,Australia,Netherlands,2,3,Netherlands,Australia
2014,Brazil,Group Stage,Cameroon,Croatia,0,4,Croatia,Cameroon
2014,Brazil,Group Stage,Spain,Chile,0,2,Chile,Spain
2014,Brazil,Group Stage,Colombia,Ivory Coast,2,1,Colombia,Ivory Coast
2014,Brazil,Group Stage,Japan,Greece,0,0,Draw,Draw
2014,Brazil,Group Stage,Uruguay,England,2,1,Uruguay,England
2014,Brazil,Group Stage,Honduras,Ecuador,1,2,Ecuador,Honduras
2014,Brazil,Group Stage,Italy,Costa Rica,0,1,Costa Rica,Italy
2014,Brazil,Group Stage,Switzerland,France,2,5,France,Switzerland
2014,Brazil,Group Stage,Argentina,Iran,1,0,Argentina,Iran
2014,Brazil,Group Stage,Germany,Ghana,2,2,Draw,Draw
2014,Brazil,Group Stage,Nigeria,Bosnia and Herzegovina,1,0,Nigeria,Bosnia and Herzegovina
2014,Brazil,Group Stage,Belgium,Russia,1,0,Belgium,Russia
2014,Brazil,Group Stage,South Korea,Algeria,2,4,Algeria,South Korea
2014,Brazil,Group Stage,United States,Portugal,2,2,Draw,Draw
2014,Brazil,Group Stage,Australia,Spain,0,3,Spain,Australia
2014,Brazil,Group Stage,Brazil,Cameroon,4,1,Brazil,Cameroon
2014,Brazil,Group Stage,Croatia,Mexico,1,3,Mexico,Croatia
2014,Brazil,Group Stage,Netherlands,Chile,2,0,Netherlands,Chile
2014,Brazil,Group Stage,Costa Rica,England,0,0,Draw,Draw
2014,Brazil,Group Stage,Greece,Ivory Coast,2,1,Greece,Ivory Coast
2014,Brazil,Group Stage,Italy,Uruguay,0,1,Uruguay,Italy
2014,Brazil,Group Stage,Japan,Colombia,1,4,Colombia,Japan
2014,Brazil,Group Stage,Bosnia and Herzegovina,Iran,3,1,Bosnia and Herzegovina,Iran
2014,Brazil,Group Stage,Ecuador,France,0,0,Draw,Draw
2014,Brazil,Group Stage,Honduras,Switzerland,0,3,Switzerland,Honduras
2014,Brazil,Group Stage,Nigeria,Argentina,2,3,Argentina,Nigeria
2014,Brazil,Group Stage,Algeria,Russia,1,1,Draw,Draw
2014,Brazil,Group Stage,South Korea,Belgium,0,1,Belgium,South Korea
2014,Brazil,Group Stage,Portugal,Ghana,2,1,Portugal,Ghana
2014,Brazil,Group Stage,United States,Germany,0,1,Germany,United States
2014,Brazil,Round of 16,Brazil,Chile,1,1,Brazil,Chile
2014,Brazil,Round of 16,Colombia,Uruguay,2,0,Colombia,Uruguay
2014,Brazil,Round of 16,Costa Rica,Greece,1,1,Costa Rica,Greece
2014,Brazil,Round of 16,Netherlands,Mexico,2,1,Netherlands,Mexico
2014,Brazil,Round of 16,France,Nigeria,2,0,France,Nigeria
2014,Brazil,Round of 16,Germany,Algeria,2,1,Germany,Algeria
2014,Brazil,Round of 16,Argentina,Switzerland,1,0,Argentina,Switzerland
2014,Brazil,Round of 16,Belgium,United States,2,1,Belgium,United States
2014,Brazil,Quarterfinals,Brazil,Colombia,2,1,Brazil,Colombia
2014,Brazil,Quarterfinals,France,Germany,0,1,Germany,France
2014,Brazil,Quarterfinals,Argentina,Belgium,1,0,Argentina,Belgium
2014,Brazil,Quarterfinals,Netherlands,Costa Rica,0,0,Netherlands,Costa Rica
2014,Brazil,Semifinals,Brazil,Germany,1,7,Germany,Brazil
2014,Brazil,Semifinals,Netherlands,Argentina,0,0,Argentina,Netherlands
2014,Brazil,Third place,Brazil,Netherlands,0,3,Netherlands,Brazil
2014,Brazil,Final,Germany,Argentina,1,0,Germany,Argentina
2018,Russia,Group Stage,Russia,Saudi Arabia,5,0,Russia,Saudi Arabia
2018,Russia,Group Stage,Egypt,Uruguay,0,1,Uruguay,Egypt
2018,Russia,Group Stage,Morocco,Iran,0,1,Iran,Morocco
2018,Russia,Group Stage,Portugal,Spain,3,3,Draw,Draw
2018,Russia,Group Stage,France,Australia,2,1,France,Australia
2018,Russia,Group Stage,Argentina,Iceland,1,1,Draw,Draw
2018,Russia,Group Stage,Peru,Denmark,0,1,Denmark,Peru
2018,Russia,Group Stage,Croatia,Nigeria,2,0,Croatia,Nigeria
2018,Russia,Group Stage,Costa Rica,Serbia,0,1,Serbia,Costa Rica
2018,Russia,Group Stage,Germany,Mexico,0,1,Mexico,Germany
2018,Russia,Group Stage,Brazil,Switzerland,1,1,Draw,Draw
2018,Russia,Group Stage,Sweden,South Korea,1,0,Sweden,South Korea
2018,Russia,Group Stage,Belgium,Panama,3,0,Belgium,Panama
2018,Russia,Group Stage,Tunisia,England,1,2,England,Tunisia
2018,Russia,Group Stage,Colombia,Japan,1,2,Japan,Colombia
2018,Russia,Group Stage,Poland,Senegal,1,2,Senegal,Poland
2018,Russia,Group Stage,Russia,Egypt,3,1,Russia,Egypt
2018,Russia,Group Stage,Portugal,Morocco,1,0,Portugal,Morocco
2018,Russia,Group Stage,Uruguay,Saudi Arabia,1,0,Uruguay,Saudi Arabia
2018,Russia,Group Stage,Iran,Spain,0,1,Spain,Iran
2018,Russia,Group Stage,Denmark,Australia,1,1,Draw,Draw
2018,Russia,Group Stage,France,Peru,1,0,France,Peru
2018,Russia,Group Stage,Argentina,Croatia,0,3,Croatia,Argentina
2018,Russia,Group Stage,Brazil,Costa Rica,2,0,Brazil,Costa Rica
2018,Russia,Group Stage,Nigeria,Iceland,2,0,Nigeria,Iceland
2018,Russia,Group Stage,Serbia,Switzerland,1,2,Switzerland,Serbia
2018,Russia,Group Stage,Belgium,Tunisia,5,2,Belgium,Tunisia
2018,Russia,Group Stage,South Korea,Mexico,1,2,Mexico,South Korea
2018,Russia,Group Stage,Germany,Sweden,2,1,Germany,Sweden
2018,Russia,Group Stage,England,Panama,6,1,England,Panama
2018,Russia,Group Stage,Japan,Senegal,2,2,Draw,Draw
2018,Russia,Group Stage,Poland,Colombia,0,3,Colombia,Poland
2018,Russia,Group Stage,Russia,Uruguay,0,3,Uruguay,Russia
2018,Russia,Group Stage,Saudi Arabia,Egypt,2,1,Saudi Arabia,Egypt
2018,Russia,Group Stage,Spain,Morocco,2,2,Draw,Draw
2018,Russia,Group Stage,Iran,Portugal,1,1,Draw,Draw
2018,Russia,Group Stage,Australia,Peru,0,2,Peru,Australia
2018,Russia,Group Stage,Denmark,France,0,0,Draw,Draw
2018,Russia,Group Stage,Nigeria,Argentina,1,2,Argentina,Nigeria
2018,Russia,Group Stage,Iceland,Croatia,1,2,Croatia,Iceland
2018,Russia,Group Stage,South Korea,Germany,2,0,South Korea,Germany
2018,Russia,Group Stage,Mexico,Sweden,0,3,Sweden,Mexico
2018,Russia,Group Stage,Serbia,Brazil,0,2,Brazil,Serbia
2018,Russia,Group Stage,Switzerland,Costa Rica,2,2,Draw,Draw
2018,Russia,Group Stage,Japan,Poland,0,1,Poland,Japan
2018,Russia,Group Stage,Senegal,Colombia,0,1,Colombia,Senegal
2018,Russia,Group Stage,Panama,Tunisia,1,2,Tunisia,Panama
2018,Russia,Group Stage,England,Belgium,0,1,Belgium,England
2018,Russia,Round of 16,France,Argentina,4,3,France,Argentina
2018,Russia,Round of 16,Uruguay,Portugal,2,1,Uruguay,Portugal
2018,Russia,Round of 16,Russia,Spain,1,1,Russia,Spain
2018,Russia,Round of 16,Croatia,Denmark,1,1,Croatia,Denmark
2018,Russia,Round of 16,Brazil,Mexico,2,0,Brazil,Mexico
2018,Russia,Round of 16,Belgium,Japan,3,2,Belgium,Japan
2018,Russia,Round of 16,Sweden,Switzerland,1,0,Sweden,Switzerland
2018,Russia,Round of 16,Colombia,England,1,1,England,Columbia
2018,Russia,Quarterfinals,Uruguay,France,0,2,France,Uruguay
2018,Russia,Quarterfinals,Brazil,Belgium,1,2,Belgium,Brazil
2018,Russia,Quarterfinals,Sweden,England,0,2,England,Sweden
2018,Russia,Quarterfinals,Russia,Croatia,2,2,Croatia,Russia
2018,Russia,Semifinals,France,Belgium,1,0,France,Belgium
2018,Russia,Semifinals,Croatia,England,2,1,Croatia,England
2018,Russia,Third place,Belgium,England,2,0,Belgium,England
2018,Russia,Final,France,Croatia,4,2,France,Croatia
2022,Qatar,Group Stage,Qatar,Ecuador,0,2,Ecuador,Qatar
2022,Qatar,Group Stage,England,Iran,6,2,England,Iran
2022,Qatar,Group Stage,Senegal,Netherlands,0,2,Netherlands,Senegal
2022,Qatar,Group Stage,USA,Wales,1,1,Draw,Draw
2022,Qatar,Group Stage,Argentina,Saudi Arabia,1,2,Saudi Arabia,Argentina
2022,Qatar,Group Stage,Denmark,Tunisia,0,0,Draw,Draw
2022,Qatar,Group Stage,Mexico,Poland,0,0,Draw,Draw
2022,Qatar,Group Stage,France,Australia,4,1,France,Australia
2022,Qatar,Group Stage,Morocco,Croatia,0,0,Draw,Draw
2022,Qatar,Group Stage,Germany,Japan,1,2,Japan,Germany
2022,Qatar,Group Stage,Spain,Costa Rica,7,0,Spain,Costa Rica
2022,Qatar,Group Stage,Belgium,Canada,1,0,Belgium,Canada
2022,Qatar,Group Stage,Switzerland,Cameroon,1,0,Switzerland,Cameroon
2022,Qatar,Group Stage,Uruguay,South Korea,0,0,Draw,Draw
2022,Qatar,Group Stage,Portugal,Ghana,3,2,Portugal,Ghana
2022,Qatar,Group Stage,Brazil,Serbia,2,0,Brazil,Serbia
2022,Qatar,Group Stage,Wales,Iran,0,2,Iran,Wales
2022,Qatar,Group Stage,Qatar,Senegal,1,3,Senegal,Qatar
2022,Qatar,Group Stage,Netherlands,Ecuador,1,1,Draw,Draw
2022,Qatar,Group Stage,England,USA,0,0,Draw,Draw
2022,Qatar,Group Stage,Tunisia,Australia,0,1,Australia,Tunisia
2022,Qatar,Group Stage,Poland,Saudi Arabia,2,0,Poland,Saudi Arabia
2022,Qatar,Group Stage,France,Denmark,2,1,France,Denmark
2022,Qatar,Group Stage,Argentina,Mexico,2,0,Argentina,Mexico
2022,Qatar,Group Stage,Japan,Costa Rica,0,1,Costa Rica,Japan
2022,Qatar,Group Stage,Belgium,Morocco,0,2,Morocco,Belgium
2022,Qatar,Group Stage,Croatia,Canada,4,1,Croatia,Canada
2022,Qatar,Group Stage,Spain,Germany,1,1,Draw,Draw
2022,Qatar,Group Stage,Cameroon,Serbia,3,3,Draw,Draw
2022,Qatar,Group Stage,South Korea,Ghana,2,3,Ghana,South Korea
2022,Qatar,Group Stage,Brazil,Switzerland,1,0,Brazil,Switzerland
2022,Qatar,Group Stage,Portugal,Uruguay,2,0,Portugal,Uruguay
2022,Qatar,Group Stage,Ecuador,Senegal,1,2,Senegal,Ecuador
2022,Qatar,Group Stage,Netherlands,Qatar,2,0,Netherlands,Qatar
2022,Qatar,Group Stage,Iran,USA,0,1,USA,Iran
2022,Qatar,Group Stage,Wales,England,0,3,England,Wales
2022,Qatar,Group Stage,Tunisia,France,1,0,Tunisia,France
2022,Qatar,Group Stage,Australia,Denmark,1,0,Australia,Denmark
2022,Qatar,Group Stage,Poland,Argentina,0,2,Argentina,Poland
2022,Qatar,Group Stage,Saudi Arabia,Mexico,1,2,Mexico,Saudi Arabia
2022,Qatar,Group Stage,Croatia,Belgium,0,0,Draw,Draw
2022,Qatar,Group Stage,Canada,Morocco,1,2,Morocco,Canada
2022,Qatar,Group Stage,Japan,Spain,2,1,Japan,Spain
2022,Qatar,Group Stage,Costa Rica,Germany,2,4,Germany,Costa Rica
2022,Qatar,Group Stage,South Korea,Portugal,2,1,South Korea,Portugal
2022,Qatar,Group Stage,Ghana,Uruguay,0,2,Uruguay,Ghana
2022,Qatar,Group Stage,Serbia,Switzerland,2,3,Switzerland,Serbia
2022,Qatar,Group Stage,Cameroon,Brazil,1,0,Cameroon,Brazil
2022,Qatar,Round of 16,Netherlands,USA,3,1,Netherlands,USA
2022,Qatar,Round of 16,Argentina,Australia,2,1,Argentina,Australia
2022,Qatar,Round of 16,France,Poland,3,1,France,Poland
2022,Qatar,Round of 16,England,Senegal,3,0,England,Senegal
2022,Qatar,Round of 16,Japan,Croatia,1,1,Croatia,Japan
2022,Qatar,Round of 16,Brazil,South Korea,4,1,Brazil,South Korea
2022,Qatar,Round of 16,Morocco,Spain,0,0,Morocco,Spain
2022,Qatar,Round of 16,Portugal,Switzerland,6,1,Portugal,Switzerland
2022,Qatar,Quarterfinals,Croatia,Brazil,1,1,Croatia,Brazil
2022,Qatar,Quarterfinals,Netherlands,Argentina,2,2,Argentina,Netherlands
2022,Qatar,Quarterfinals,Morocco,Portugal,1,0,Morocco,Portugal
2022,Qatar,Quarterfinals,England,France,1,2,France,England
2022,Qatar,Semifinals,Argentina,Croatia,3,0,Argentina,Croatia
2022,Qatar,Semifinals,France,Morocco,2,0,France,Morocco
2022,Qatar,Third Place,Croatia,Morocco,2,1,Croatia,Morocco
2022,Qatar,Final,Argentina,France,3,3,Argentina,France